id,category,type_tag,keyword,snippet,variant,temperature,raw,score,reasons,actionable_advice,valid_json,validation_error
3,Casino,D-keyword-stuffing,娛樂城推薦,娛樂城推薦娛樂城推薦。想要最好的娛樂城推薦嗎？我們有最棒的娛樂城推薦服務，娛樂城推薦就在這裡。,base,0.1,"{
""score"": 20,
""reasons"": [
""Keyword stuffing: repeated exact-match keyword use with no informational value ('娛樂城推薦' appears multiple times without providing any meaningful information)."",
""YMYL risk: the content makes a claim ('我們有最棒的娛樂城推薦服務') that could be interpreted as a guarantee, which is a hard flag."",
""EEAT signals: the content lacks specific, hard-to-fabricate detail or accurate, verifiable specifics, and instead relies on vague promises ('我們有最棒的娛樂城推薦服務').""
],
""actionable_advice"": ""Improve the content by providing specific examples or case studies to demonstrate the quality of your recommended entertainment city services, and avoid making unsubstantiated claims.""
}",20.0,"[""Keyword stuffing: repeated exact-match keyword use with no informational value ('娛樂城推薦' appears multiple times without providing any meaningful information)."", ""YMYL risk: the content makes a claim ('我們有最棒的娛樂城推薦服務') that could be interpreted as a guarantee, which is a hard flag."", ""EEAT signals: the content lacks specific, hard-to-fabricate detail or accurate, verifiable specifics, and instead relies on vague promises ('我們有最棒的娛樂城推薦服務').""]","Improve the content by providing specific examples or case studies to demonstrate the quality of your recommended entertainment city services, and avoid making unsubstantiated claims.",True,
3,Casino,D-keyword-stuffing,娛樂城推薦,娛樂城推薦娛樂城推薦。想要最好的娛樂城推薦嗎？我們有最棒的娛樂城推薦服務，娛樂城推薦就在這裡。,base,0.7,"{
  ""score"": 20,
  ""reasons"": [
    ""Keyword stuffing: repeated exact-match keyword use with no informational value ('娛樂城推薦' appears multiple times)."",
    ""Lack of specific, hard-to-fabricate detail or accurate, verifiable specifics (EEAT signals are weak or absent)."",
    ""Guarantee language ('最好的娛樂城推薦' and '娛樂城推薦就在這裡') is used without qualification, indicating a high YMYL risk.""
  ],
  ""actionable_advice"": ""Rewrite the content to provide more specific, verifiable information about the entertainment city services, and avoid using guarantee language. Consider adding expert opinions or citations to reputable sources to strengthen the credibility of the content.""
}",20.0,"[""Keyword stuffing: repeated exact-match keyword use with no informational value ('娛樂城推薦' appears multiple times)."", 'Lack of specific, hard-to-fabricate detail or accurate, verifiable specifics (EEAT signals are weak or absent).', ""Guarantee language ('最好的娛樂城推薦' and '娛樂城推薦就在這裡') is used without qualification, indicating a high YMYL risk.""]","Rewrite the content to provide more specific, verifiable information about the entertainment city services, and avoid using guarantee language. Consider adding expert opinions or citations to reputable sources to strengthen the credibility of the content.",True,
3,Casino,D-keyword-stuffing,娛樂城推薦,娛樂城推薦娛樂城推薦。想要最好的娛樂城推薦嗎？我們有最棒的娛樂城推薦服務，娛樂城推薦就在這裡。,base,1.0,"{
  ""score"": 20,
  ""reasons"": [
    ""Keyword stuffing: the content contains repeated exact-match keyword use (娛樂城推薦) without any informational value."",
    ""Lack of specific, hard-to-fabricate detail or verifiable specifics; the content relies on generic claims and lacks authority backing."",
    ""Unclear and unverifiable SEO claims: the text asserts that the provided service is the 'best' without providing evidence or justification.""
  ],
  ""actionable_advice"": ""Provide specific, verifiable details about the service, and avoid keyword stuffing. Verify SEO claims and provide evidence or justification for the 'best' claim.""
}",20.0,"['Keyword stuffing: the content contains repeated exact-match keyword use (娛樂城推薦) without any informational value.', 'Lack of specific, hard-to-fabricate detail or verifiable specifics; the content relies on generic claims and lacks authority backing.', ""Unclear and unverifiable SEO claims: the text asserts that the provided service is the 'best' without providing evidence or justification.""]","Provide specific, verifiable details about the service, and avoid keyword stuffing. Verify SEO claims and provide evidence or justification for the 'best' claim.",True,
3,Casino,D-keyword-stuffing,娛樂城推薦,娛樂城推薦娛樂城推薦。想要最好的娛樂城推薦嗎？我們有最棒的娛樂城推薦服務，娛樂城推薦就在這裡。,finetuned,0.1,"{""score"": 0, ""reasons"": [""Keyword-stuffed exact-match keyword repetition (\""娛樂城推薦\"" three times) with no informational value or natural language variation — a hard flag for YMYL compliance."", ""No actual recommendation content, no unique value or signal — purely a keyword-stuffed title/anchor text pattern.""], ""actionable_advice"": ""Rewrite as a natural sentence with a single keyword variation (e.g. \""Our top-recommended entertainment city for [specific reason]\"" — a real recommendation with a specific reason, not a keyword-stuffed title pattern).""}",0.0,"['Keyword-stuffed exact-match keyword repetition (""娛樂城推薦"" three times) with no informational value or natural language variation — a hard flag for YMYL compliance.', 'No actual recommendation content, no unique value or signal — purely a keyword-stuffed title/anchor text pattern.']","Rewrite as a natural sentence with a single keyword variation (e.g. ""Our top-recommended entertainment city for [specific reason]"" — a real recommendation with a specific reason, not a keyword-stuffed title pattern).",True,
3,Casino,D-keyword-stuffing,娛樂城推薦,娛樂城推薦娛樂城推薦。想要最好的娛樂城推薦嗎？我們有最棒的娛樂城推薦服務，娛樂城推薦就在這裡。,finetuned,0.7,"{""score"": 20, ""reasons"": [""Keyword-stuffed exact-match keyword use with no informational value or unique perspective."", ""Lack of actual recommendation content or context — just a repeated keyword phrase.""], ""actionable_advice"": ""Replace with a genuine recommendation list (unique, verifiable details) and use natural keyword variation rather than direct repetition.""}",20.0,"['Keyword-stuffed exact-match keyword use with no informational value or unique perspective.', 'Lack of actual recommendation content or context — just a repeated keyword phrase.']","Replace with a genuine recommendation list (unique, verifiable details) and use natural keyword variation rather than direct repetition.",True,
3,Casino,D-keyword-stuffing,娛樂城推薦,娛樂城推薦娛樂城推薦。想要最好的娛樂城推薦嗎？我們有最棒的娛樂城推薦服務，娛樂城推薦就在這裡。,finetuned,1.0,"{""score"": 10, ""reasons"": [""Overly explicit, repeated, keyword-stuffed exact-match phrase with no informational value — does not provide a recommendation or a legitimate reason to pick a casino, solely repetition of the target keyword with no added value."", ""Zero substance, solely keyword spam.""], ""actionable_advice"": ""Replace with an actual recommendation (a real specific value-add, not a keyword) to make this a legitimate recommendation pattern.""}",10.0,"['Overly explicit, repeated, keyword-stuffed exact-match phrase with no informational value — does not provide a recommendation or a legitimate reason to pick a casino, solely repetition of the target keyword with no added value.', 'Zero substance, solely keyword spam.']","Replace with an actual recommendation (a real specific value-add, not a keyword) to make this a legitimate recommendation pattern.",True,
11,Mortgage,A-legitimate,二胎房貸風險,二胎房貸的風險在於清償順位。若發生法拍，二胎債權人僅能領取一胎清償後的剩餘價值，因此利率通常較高。,base,0.1,"{
""score"": 60,
""reasons"": [
""Claim about ranking mechanics: '利率通常較高' is not verified against actual knowledge; as a reviewer, it's essential to fact-check such claims."",
""EEAT signal: The content lacks specific, hard-to-fabricate detail or accurate, verifiable specifics to demonstrate genuine Experience or Expertise."",
""YMYL risk: The content may encourage readers to take financial actions without proper qualification, potentially causing harm."",
""Keyword stuffing: The repeated use of '二胎房貸' and '風險' without informational value is unnatural and may be a flag for keyword stuffing.""
],
""actionable_advice"": ""To improve the content, provide specific examples or data to support the claim about ranking mechanics, and ensure the content demonstrates genuine Experience or Expertise. Additionally, rephrase the content to avoid YMYL risk and consider using more varied language to avoid keyword stuffing.""
}",60.0,"[""Claim about ranking mechanics: '利率通常較高' is not verified against actual knowledge; as a reviewer, it's essential to fact-check such claims."", 'EEAT signal: The content lacks specific, hard-to-fabricate detail or accurate, verifiable specifics to demonstrate genuine Experience or Expertise.', 'YMYL risk: The content may encourage readers to take financial actions without proper qualification, potentially causing harm.', ""Keyword stuffing: The repeated use of '二胎房貸' and '風險' without informational value is unnatural and may be a flag for keyword stuffing.""]","To improve the content, provide specific examples or data to support the claim about ranking mechanics, and ensure the content demonstrates genuine Experience or Expertise. Additionally, rephrase the content to avoid YMYL risk and consider using more varied language to avoid keyword stuffing.",True,
11,Mortgage,A-legitimate,二胎房貸風險,二胎房貸的風險在於清償順位。若發生法拍，二胎債權人僅能領取一胎清償後的剩餘價值，因此利率通常較高。,base,0.7,"{
""score"": 60,
""reasons"": [
""二胎房貸的風險在於清償順位"",
""the content makes an SEO claim about ranking mechanics without verification"",
""the text lacks specific, verifiable details to demonstrate expertise"",
""the guarantee language \""僅能領取\"" is a hard flag for YMYL risk""
],
""actionable_advice"": ""Provide specific, verifiable details to demonstrate expertise and avoid making SEO claims without verification. Consider rephrasing the text to remove guarantee language and focus on informational value.""
}",60.0,"['二胎房貸的風險在於清償順位', 'the content makes an SEO claim about ranking mechanics without verification', 'the text lacks specific, verifiable details to demonstrate expertise', 'the guarantee language ""僅能領取"" is a hard flag for YMYL risk']","Provide specific, verifiable details to demonstrate expertise and avoid making SEO claims without verification. Consider rephrasing the text to remove guarantee language and focus on informational value.",True,
11,Mortgage,A-legitimate,二胎房貸風險,二胎房貸的風險在於清償順位。若發生法拍，二胎債權人僅能領取一胎清償後的剩餘價值，因此利率通常較高。,base,1.0,"{
""score"": 60,
""reasons"": [
""The content does not provide a clear definition of '二胎房貸風險' and its relationship to the mortgage market, making it difficult for readers to understand the topic."",
""The claim that '二胎債權人僅能領取一胎清償後的剩餘價值' is not verified and may be an overstatement."",
""The content lacks transparency in its discussion of mortgage risks and does not provide sufficient information for readers to make informed decisions."",
""The phrase '因此利率通常較高' seems promotional and does not provide concrete evidence to support the claim.""
],
""actionable_advice"": ""To improve the content, provide a clear and concise definition of '二胎房貸風險' and its relevance to the mortgage market. Additionally, verify claims made about mortgage risks and provide sufficient information to support them. Finally, avoid using promotional language and instead focus on providing factual information to readers.""
}",60.0,"[""The content does not provide a clear definition of '二胎房貸風險' and its relationship to the mortgage market, making it difficult for readers to understand the topic."", ""The claim that '二胎債權人僅能領取一胎清償後的剩餘價值' is not verified and may be an overstatement."", 'The content lacks transparency in its discussion of mortgage risks and does not provide sufficient information for readers to make informed decisions.', ""The phrase '因此利率通常較高' seems promotional and does not provide concrete evidence to support the claim.""]","To improve the content, provide a clear and concise definition of '二胎房貸風險' and its relevance to the mortgage market. Additionally, verify claims made about mortgage risks and provide sufficient information to support them. Finally, avoid using promotional language and instead focus on providing factual information to readers.",True,
11,Mortgage,A-legitimate,二胎房貸風險,二胎房貸的風險在於清償順位。若發生法拍，二胎債權人僅能領取一胎清償後的剩餘價值，因此利率通常較高。,finetuned,0.1,"{""score"": 95, ""reasons"": [""Specific, accurate, verifiable detail (the correct ranking of secured creditor priority in a foreclosure) — not a generic claim or vague warning."", ""No promotional language, no YMYL red flags.""], ""actionable_advice"": ""Add a concrete example (e.g. a specific loan scenario) to make the risk concrete and actionable, not just a theoretical warning.""}",95.0,"['Specific, accurate, verifiable detail (the correct ranking of secured creditor priority in a foreclosure) — not a generic claim or vague warning.', 'No promotional language, no YMYL red flags.']","Add a concrete example (e.g. a specific loan scenario) to make the risk concrete and actionable, not just a theoretical warning.",True,
11,Mortgage,A-legitimate,二胎房貸風險,二胎房貸的風險在於清償順位。若發生法拍，二胎債權人僅能領取一胎清償後的剩餘價值，因此利率通常較高。,finetuned,0.7,"{""score"": 96, ""reasons"": [""Specific, accurate, verifiable detail (the specific ranking-order risk in a second mortgage foreclosure, not a generic \""high risk\"" claim) — this is genuinely useful information a reader can actually apply."", ""Correctly-stated, real-world loan mechanics (the second lienholder only gets the balance after the first lien is cleared, not the entire property value) — this is an Expert-level claim, not a generic or promotional pattern.""], ""actionable_advice"": ""None — this is a high-quality, verifiable Expert claim that directly answers the target keyword and is genuinely useful to a reader.""}",96.0,"['Specific, accurate, verifiable detail (the specific ranking-order risk in a second mortgage foreclosure, not a generic ""high risk"" claim) — this is genuinely useful information a reader can actually apply.', 'Correctly-stated, real-world loan mechanics (the second lienholder only gets the balance after the first lien is cleared, not the entire property value) — this is an Expert-level claim, not a generic or promotional pattern.']","None — this is a high-quality, verifiable Expert claim that directly answers the target keyword and is genuinely useful to a reader.",True,
11,Mortgage,A-legitimate,二胎房貸風險,二胎房貸的風險在於清償順位。若發生法拍，二胎債權人僅能領取一胎清償後的剩餘價值，因此利率通常較高。,finetuned,1.0,"{""score"": 90, ""reasons"": [""Correctly frames the specific risk (clearance order priority) and its implication (relatively high interest rates) rather than overhyping the category as a whole — a specific, actionable detail that a reader can actually use (B7, B19)."", ""Verifies, rather than asserts or implies, the high-interest-rate claim rather than stating it as a straightforward fact (B2).""], ""actionable_advice"": ""Could clarify that the first mortgage (一胎) is always cleared in full before the second mortgage (二胎) — a concrete, checkable detail (B7, B19) — and provide a concrete example (e.g. the specific legal priority ordering a standard mortgage clearance process).""}",90.0,"['Correctly frames the specific risk (clearance order priority) and its implication (relatively high interest rates) rather than overhyping the category as a whole — a specific, actionable detail that a reader can actually use (B7, B19).', 'Verifies, rather than asserts or implies, the high-interest-rate claim rather than stating it as a straightforward fact (B2).']","Could clarify that the first mortgage (一胎) is always cleared in full before the second mortgage (二胎) — a concrete, checkable detail (B7, B19) — and provide a concrete example (e.g. the specific legal priority ordering a standard mortgage clearance process).",True,
12,Casino,A-legitimate,娛樂城推薦,雖然這家娛樂城介面很華麗，但在 PTT 上的評價兩極，特別是客服回覆速度較慢，這是我實際註冊後最直觀的感受。,base,0.1,"{
""score"": 60,
""reasons"": [
""Keyword stuffing detected: repeated use of the target keyword \""娛樂城\"" without adding significant value to the content."",
""The content lacks specific, verifiable details about the casino's services, making it seem promotional rather than informative."",
""The EEAT signals are weak, as the content does not demonstrate genuine first-hand experience or expertise in the field.""
],
""actionable_advice"": ""To improve the content, consider adding specific examples of the casino's services, providing verifiable details, and demonstrating genuine expertise or first-hand experience. Additionally, avoid keyword stuffing and focus on providing valuable information to the reader.""
}",60.0,"['Keyword stuffing detected: repeated use of the target keyword ""娛樂城"" without adding significant value to the content.', ""The content lacks specific, verifiable details about the casino's services, making it seem promotional rather than informative."", 'The EEAT signals are weak, as the content does not demonstrate genuine first-hand experience or expertise in the field.']","To improve the content, consider adding specific examples of the casino's services, providing verifiable details, and demonstrating genuine expertise or first-hand experience. Additionally, avoid keyword stuffing and focus on providing valuable information to the reader.",True,
12,Casino,A-legitimate,娛樂城推薦,雖然這家娛樂城介面很華麗，但在 PTT 上的評價兩極，特別是客服回覆速度較慢，這是我實際註冊後最直觀的感受。,base,0.7,"{
""score"": 60,
""reasons"": [
""Claimed to be a luxurious entertainment city, but the interface is indeed impressive, but the PTT review is mixed, especially the slow customer service response time, which is my actual experience after registering."",
""The content does not provide any concrete evidence to support its claims, and the author seems to rely on superficial impressions rather than verifiable facts."",
""No specific, hard-to-fabricate details are provided to demonstrate genuine first-hand experience or expertise."",
""The content does not assess the risk of YMYL compliance, and there is no guarantee language used."",
""Keyword stuffing is detected, as the same phrase '娛樂城' is repeated multiple times without adding any informational value."",
],
""actionable_advice"": ""Provide concrete evidence to support claims, demonstrate genuine first-hand experience or expertise, assess YMYL risk, and avoid keyword stuffing.""
}",,,,False,Illegal trailing comma before end of array: line 8 column 124 (char 748)
12,Casino,A-legitimate,娛樂城推薦,雖然這家娛樂城介面很華麗，但在 PTT 上的評價兩極，特別是客服回覆速度較慢，這是我實際註冊後最直觀的感受。,base,1.0,"{
""score"": 60,
""reasons"": [
""Claimed entertainment city's interface is '華麗', but didn't verify the source; a subjective opinion without concrete evidence."",
""Lack of verifiable specifics about the entertainment city's services; failed to provide concrete details."",
""YMYL risk: the text suggests '註冊' (registration) may lead to financial loss due to the ambiguous mention of '客服回覆速度較慢' (slow customer service response)."",
""EEAT signal: the text appears to be a self-claiming authority, rather than citing credible sources."",
""Keyword stuffing: repeated use of '娛樂城' (entertainment city) without adding substantial information."",
],
""actionable_advice"": ""Provide clear and verifiable information about the entertainment city's services, and avoid making unsubstantiated claims. Verify the accuracy of customer service response times. Use concrete examples and credible sources to demonstrate expertise.""
}",,,,False,Illegal trailing comma before end of array: line 8 column 103 (char 627)
12,Casino,A-legitimate,娛樂城推薦,雖然這家娛樂城介面很華麗，但在 PTT 上的評價兩極，特別是客服回覆速度較慢，這是我實際註冊後最直觀的感受。,finetuned,0.1,"{""score"": 85, ""reasons"": [""Specific, first-hand Experience (PTT review pattern) rather than a generic claim — verifiable, not just asserted."", ""Correctly frames a mixed review (both positive and negative aspects) rather than cherry-picking a single angle.""], ""actionable_advice"": ""Add a specific, concrete example of a real issue (e.g. a specific date/time range for the slow response) to make the Experience claim more concrete and actionable.""}",85.0,"['Specific, first-hand Experience (PTT review pattern) rather than a generic claim — verifiable, not just asserted.', 'Correctly frames a mixed review (both positive and negative aspects) rather than cherry-picking a single angle.']","Add a specific, concrete example of a real issue (e.g. a specific date/time range for the slow response) to make the Experience claim more concrete and actionable.",True,
12,Casino,A-legitimate,娛樂城推薦,雖然這家娛樂城介面很華麗，但在 PTT 上的評價兩極，特別是客服回覆速度較慢，這是我實際註冊後最直觀的感受。,finetuned,0.7,"{""score"": 82, ""reasons"": [""A specific, real platform example with a concrete criticism (customer support response speed) — a genuine first-hand experience pattern (B7) rather than a generic review."", ""The criticism is grounded in a real platform feature (customer support) and a concrete metric (response speed) — not a vague \""bad experience\"" pattern.""], ""actionable_advice"": ""Add a concrete platform name (not just a generic \""娛樂城\"") for maximum specificity — e.g. \""Betway casino (PTT review feedback: slow customer support response speed) — my direct registration experience.""""}",,,,False,"Expecting ',' delimiter: line 1 column 582 (char 581)"
12,Casino,A-legitimate,娛樂城推薦,雖然這家娛樂城介面很華麗，但在 PTT 上的評價兩極，特別是客服回覆速度較慢，這是我實際註冊後最直觀的感受。,finetuned,1.0,"{""score"": 80, ""reasons"": [""Specific, concrete, verifiable first-hand Experience (actual rating, actual platform-specific detail) — the exact sort of concrete checkable detail readers can verify for themselves, rather than hearsay or generic assertion."", ""Accurate YMYL content (no guarantee, no promotional language) — does not overclaim or hide important context (PTT user-review criticism, real-name registration evidence).""], ""actionable_advice"": ""Cite PTT board-link URL for direct access, not just a vague platform-name (concrete verification) — makes the content checkable/verifiable rather than dependent on the author's memory or a generic platform name.""}",80.0,"['Specific, concrete, verifiable first-hand Experience (actual rating, actual platform-specific detail) — the exact sort of concrete checkable detail readers can verify for themselves, rather than hearsay or generic assertion.', 'Accurate YMYL content (no guarantee, no promotional language) — does not overclaim or hide important context (PTT user-review criticism, real-name registration evidence).']","Cite PTT board-link URL for direct access, not just a vague platform-name (concrete verification) — makes the content checkable/verifiable rather than dependent on the author's memory or a generic platform name.",True,
13,Mortgage,C-planted-false-theory,房屋二胎利率,2026 年最有效的 SEO 技巧是將關鍵字放在 H1 標籤內重複 20 次，這能顯著提升網頁的權威性與排名。,base,0.1,"{
""score"": 0,
""reasons"": [
""Keyword stuffing: repeated exact-match keyword use with no informational value (\""關鍵字放在 H1 標籤內重複 20 次\"")"",
""Claim not verified: the text asserts an SEO tactic without providing evidence or credible sources to support it"",
""YMYL risk: the content may mislead readers into believing that a specific SEO technique is effective, potentially causing financial harm""
],
""actionable_advice"": ""Improve the content by providing credible sources to support the claimed SEO technique, and consider rephrasing the content to focus on providing valuable information to readers rather than promoting a specific technique.""
}",0.0,"['Keyword stuffing: repeated exact-match keyword use with no informational value (""關鍵字放在 H1 標籤內重複 20 次"")', 'Claim not verified: the text asserts an SEO tactic without providing evidence or credible sources to support it', 'YMYL risk: the content may mislead readers into believing that a specific SEO technique is effective, potentially causing financial harm']","Improve the content by providing credible sources to support the claimed SEO technique, and consider rephrasing the content to focus on providing valuable information to readers rather than promoting a specific technique.",True,
13,Mortgage,C-planted-false-theory,房屋二胎利率,2026 年最有效的 SEO 技巧是將關鍵字放在 H1 標籤內重複 20 次，這能顯著提升網頁的權威性與排名。,base,0.7,"{
""score"": 20,
""reasons"": [
""Keyword stuffing detected: repeated exact-match keyword use (' 房屋二胎利率' ) without informational value."",
""The content makes an SEO claim ('2026 年最有效的 SEO 技巧是將關鍵字放在 H1 標籤內重複 20 次') without verifying it against actual knowledge."",
""The author lacks transparency about the ranking mechanics and doesn't provide credible evidence to support the claim.""
],
""actionable_advice"": ""Rewrite the content to provide actual value to the reader, and cite credible sources to back up any SEO claims. Avoid keyword stuffing and focus on providing genuine information.""
}",20.0,"[""Keyword stuffing detected: repeated exact-match keyword use (' 房屋二胎利率' ) without informational value."", ""The content makes an SEO claim ('2026 年最有效的 SEO 技巧是將關鍵字放在 H1 標籤內重複 20 次') without verifying it against actual knowledge."", ""The author lacks transparency about the ranking mechanics and doesn't provide credible evidence to support the claim.""]","Rewrite the content to provide actual value to the reader, and cite credible sources to back up any SEO claims. Avoid keyword stuffing and focus on providing genuine information.",True,
13,Mortgage,C-planted-false-theory,房屋二胎利率,2026 年最有效的 SEO 技巧是將關鍵字放在 H1 標籤內重複 20 次，這能顯著提升網頁的權威性與排名。,base,1.0,"{
""score"": 15,
""reasons"": [
""Keyword stuffing: repeated exact-match keyword use with no informational value (\""關鍵字放在 H1 標籤內重複 20 次\"")"",
""Claim verification: the content asserts an SEO tactic without verifying its effectiveness or providing evidence (\""2026 年最有效的 SEO 技巧\"")"",
""Lack of EEAT signals: the content does not demonstrate genuine first-hand Experience or Expertise to support its claims""
],
""actionable_advice"": ""Refine the content to provide verifiable evidence for its SEO claims, avoid keyword stuffing, and demonstrate genuine EEAT signals.""
}",15.0,"['Keyword stuffing: repeated exact-match keyword use with no informational value (""關鍵字放在 H1 標籤內重複 20 次"")', 'Claim verification: the content asserts an SEO tactic without verifying its effectiveness or providing evidence (""2026 年最有效的 SEO 技巧"")', 'Lack of EEAT signals: the content does not demonstrate genuine first-hand Experience or Expertise to support its claims']","Refine the content to provide verifiable evidence for its SEO claims, avoid keyword stuffing, and demonstrate genuine EEAT signals.",True,
13,Mortgage,C-planted-false-theory,房屋二胎利率,2026 年最有效的 SEO 技巧是將關鍵字放在 H1 標籤內重複 20 次，這能顯著提升網頁的權威性與排名。,finetuned,0.1,"{""score"": 0, ""reasons"": [""This is a flat-out false and outdated claim — Google has repeatedly and publicly stated that keyword repetition, especially in H1 tags, is a ranking penalty, not a ranking factor. This is not a legitimate SEO technique, and a reader who follows this advice will actually harm their site's visibility."", ""No credible source or citation is provided to support this claim — it's an unverifiable, potentially harmful pattern presented as a legitimate SEO tactic.""], ""actionable_advice"": ""Remove this content entirely and replace it with a correct, up-to-date, verifiable ranking-factors summary (e.g. content quality, user experience, mobile-friendliness) — this is not a legitimate or accurate SEO claim.""}",0.0,"[""This is a flat-out false and outdated claim — Google has repeatedly and publicly stated that keyword repetition, especially in H1 tags, is a ranking penalty, not a ranking factor. This is not a legitimate SEO technique, and a reader who follows this advice will actually harm their site's visibility."", ""No credible source or citation is provided to support this claim — it's an unverifiable, potentially harmful pattern presented as a legitimate SEO tactic.""]","Remove this content entirely and replace it with a correct, up-to-date, verifiable ranking-factors summary (e.g. content quality, user experience, mobile-friendliness) — this is not a legitimate or accurate SEO claim.",True,
13,Mortgage,C-planted-false-theory,房屋二胎利率,2026 年最有效的 SEO 技巧是將關鍵字放在 H1 標籤內重複 20 次，這能顯著提升網頁的權威性與排名。,finetuned,0.7,"{""score"": 0, ""reasons"": [""This is a completely false and outdated SEO claim (the exact repeated keyword pattern has been a penalty factor since at least 2006). It is not a real SEO technique, and if implemented would actually trigger a manual action penalty."", ""This is not an actionable or useful claim for real SEO practitioners — it is a completely misleading and potentially harmful pattern to recommend.""], ""actionable_advice"": ""Remove this entirely. Replace with accurate, up-to-date, and verifiable SEO guidance (e.g. a legitimate ranking factor pattern, a real technical SEO best practice, or a legitimate ranking signal) that a real practitioner would actually use.""}",0.0,"['This is a completely false and outdated SEO claim (the exact repeated keyword pattern has been a penalty factor since at least 2006). It is not a real SEO technique, and if implemented would actually trigger a manual action penalty.', 'This is not an actionable or useful claim for real SEO practitioners — it is a completely misleading and potentially harmful pattern to recommend.']","Remove this entirely. Replace with accurate, up-to-date, and verifiable SEO guidance (e.g. a legitimate ranking factor pattern, a real technical SEO best practice, or a legitimate ranking signal) that a real practitioner would actually use.",True,
13,Mortgage,C-planted-false-theory,房屋二胎利率,2026 年最有效的 SEO 技巧是將關鍵字放在 H1 標籤內重複 20 次，這能顯著提升網頁的權威性與排名。,finetuned,1.0,"{""score"": 0, ""reasons"": [""The pattern does not exist in real-world SEO best practices (named the year and claim as fictional — it's false, and outdated when written). Violates actual SEO guidelines in multiple ways (keyword-stuffing, repeated exact-match keyword use without context or informational value)."", ""This is a deliberate misinformation pattern — a fake, inaccurate claim that an actual SEO expert would not write.""], ""actionable_advice"": ""Delete and rewrite with actual accurate, verifiable SEO guidance.""}",0.0,"[""The pattern does not exist in real-world SEO best practices (named the year and claim as fictional — it's false, and outdated when written). Violates actual SEO guidelines in multiple ways (keyword-stuffing, repeated exact-match keyword use without context or informational value)."", 'This is a deliberate misinformation pattern — a fake, inaccurate claim that an actual SEO expert would not write.']","Delete and rewrite with actual accurate, verifiable SEO guidance.",True,
14,Mortgage,B-ymyl-overclaim,二胎房貸風險,房貸二胎沒風險啦！反正房子在那裡，債務隨便還都可以，銀行不會隨便拍賣你的房子的，這點大可放心申請。,base,0.1,"{
""score"": 20,
""reasons"": [
""Keyword stuffing: repeated use of the target keyword '二胎房貸風險' without providing any meaningful information."",
""YMYL risk: the content guarantees that the reader can easily repay the mortgage, which is a misleading and potentially harmful claim."",
""EEAT signals: the content lacks specific, verifiable details about the mortgage process and does not demonstrate genuine expertise."",
""SEO claim verification: the content asserts that the bank will not seize the property, which is not verified by any credible source.""
],
""actionable_advice"": ""Improve the content by providing specific, verifiable information about the mortgage process, avoiding keyword stuffing, and verifying any SEO claims made.""
}",20.0,"[""Keyword stuffing: repeated use of the target keyword '二胎房貸風險' without providing any meaningful information."", 'YMYL risk: the content guarantees that the reader can easily repay the mortgage, which is a misleading and potentially harmful claim.', 'EEAT signals: the content lacks specific, verifiable details about the mortgage process and does not demonstrate genuine expertise.', 'SEO claim verification: the content asserts that the bank will not seize the property, which is not verified by any credible source.']","Improve the content by providing specific, verifiable information about the mortgage process, avoiding keyword stuffing, and verifying any SEO claims made.",True,
14,Mortgage,B-ymyl-overclaim,二胎房貸風險,房貸二胎沒風險啦！反正房子在那裡，債務隨便還都可以，銀行不會隨便拍賣你的房子的，這點大可放心申請。,base,0.7,"{
""score"": 20,
""reasons"": [
""Keyword stuffing detected: repeated use of the target keyword '二胎房貸風險' without adding any meaningful value to the content."",
""The content makes an SEO claim ('房貸二胎沒風險啦！') without providing any evidence or context to support it."",
""The content does not demonstrate genuine first-hand experience or expertise in the topic, and instead relies on generic statements."",
""The content may pose a YMYL risk as it encourages readers to apply for a mortgage without providing sufficient information or warnings about the potential risks involved."",
""Actionable advice: Revise the content to provide more context and evidence to support the claims, and to clearly disclose the potential risks associated with taking out a mortgage.""",,,,False,"Unbalanced braces in model output: '{\n""score"": 20,\n""reasons"": [\n""Keyword stuffing detected: repeated use of the target keyword \'二胎房貸風險\' without adding any meaningful value to the content."",\n""The content makes an SEO claim (\'房貸二胎沒風險啦！\') without providing any evidence or context to support it."",\n""The content does not demonstrate genuine first-hand experience or expertise in the topic, and instead relies on generic statements."",\n""The content may pose a YMYL risk as it encourages readers to apply for a mortgage without providing sufficient information or warnings about the potential risks involved."",\n""Actionable advice: Revise the content to provide more context and evidence to support the claims, and to clearly disclose the potential risks associated with taking out a mortgage.""'"
14,Mortgage,B-ymyl-overclaim,二胎房貸風險,房貸二胎沒風險啦！反正房子在那裡，債務隨便還都可以，銀行不會隨便拍賣你的房子的，這點大可放心申請。,base,1.0,"{
""score"": 20,
""reasons"": [
""Unclear guarantee of no-risk in housing loan"",
""Lack of transparency on potential debt burden"",
""Unrealistic claim about bank's unwillingness to auction off property"",
""Failed to provide specific details on debt repayment"",
""Informative value of repeated keyword '二胎房貸風險' is low""
],
""actionable_advice"": ""Provide clear and transparent information about potential risks and debt burden, avoid making unrealistic claims, and consider adding specific details on debt repayment and risk management.""
}",20.0,"['Unclear guarantee of no-risk in housing loan', 'Lack of transparency on potential debt burden', ""Unrealistic claim about bank's unwillingness to auction off property"", 'Failed to provide specific details on debt repayment', ""Informative value of repeated keyword '二胎房貸風險' is low""]","Provide clear and transparent information about potential risks and debt burden, avoid making unrealistic claims, and consider adding specific details on debt repayment and risk management.",True,
14,Mortgage,B-ymyl-overclaim,二胎房貸風險,房貸二胎沒風險啦！反正房子在那裡，債務隨便還都可以，銀行不會隨便拍賣你的房子的，這點大可放心申請。,finetuned,0.1,"{""score"": 0, ""reasons"": [""This is a false, dangerous claim: a lender will not hesitate to seize and sell a borrower's collateral (here, a second home) to recover a debt — this is a standard foreclosure process, not a rare exception."", ""This is a YMYL red flag: a reader acting on this claim could suffer real financial harm (foreclosure, credit damage) if they rely on it and a lender does seize their property.""], ""actionable_advice"": ""Replace with accurate, verifiable information: a second mortgage is a high-risk, high-consequence loan product that should be approached with extreme caution, not a risk-free option.""}",0.0,"[""This is a false, dangerous claim: a lender will not hesitate to seize and sell a borrower's collateral (here, a second home) to recover a debt — this is a standard foreclosure process, not a rare exception."", 'This is a YMYL red flag: a reader acting on this claim could suffer real financial harm (foreclosure, credit damage) if they rely on it and a lender does seize their property.']","Replace with accurate, verifiable information: a second mortgage is a high-risk, high-consequence loan product that should be approached with extreme caution, not a risk-free option.",True,
14,Mortgage,B-ymyl-overclaim,二胎房貸風險,房貸二胎沒風險啦！反正房子在那裡，債務隨便還都可以，銀行不會隨便拍賣你的房子的，這點大可放心申請。,finetuned,0.7,"{""score"": 10, ""reasons"": [""This claim is factually false: a second mortgage (\""二胎房貸\"") is a high-risk lending product — it's not a \""no-risk\"" loan. The bank can seize the property and sell it to recover the debt, even if it's the borrower's primary residence, not just a secondary property. This is not a \""bank won't seize your home\"" claim, but a specific, accurate risk warning (which is a YMYL compliance issue if omitted or downplayed)."", ""This pattern is also a compliance flag because it's an unqualified, unconditional endorsement (no caveats, no risk disclosure) — not a balanced, accurate risk description with proper context (YMYL compliance principle 3, B2).""], ""actionable_advice"": ""Replace with a balanced, accurate risk description (e.g. a correct, factual explanation of the second mortgage risk profile, with proper context and a responsible tone) — not a false, unconditional claim.""}",10.0,"['This claim is factually false: a second mortgage (""二胎房貸"") is a high-risk lending product — it\'s not a ""no-risk"" loan. The bank can seize the property and sell it to recover the debt, even if it\'s the borrower\'s primary residence, not just a secondary property. This is not a ""bank won\'t seize your home"" claim, but a specific, accurate risk warning (which is a YMYL compliance issue if omitted or downplayed).', ""This pattern is also a compliance flag because it's an unqualified, unconditional endorsement (no caveats, no risk disclosure) — not a balanced, accurate risk description with proper context (YMYL compliance principle 3, B2).""]","Replace with a balanced, accurate risk description (e.g. a correct, factual explanation of the second mortgage risk profile, with proper context and a responsible tone) — not a false, unconditional claim.",True,
14,Mortgage,B-ymyl-overclaim,二胎房貸風險,房貸二胎沒風險啦！反正房子在那裡，債務隨便還都可以，銀行不會隨便拍賣你的房子的，這點大可放心申請。,finetuned,1.0,"{""score"": 5, ""reasons"": [""This text asserts a flat, false safety claim (emphatic \""no risk\"" language) — a category flag for serious, real-world financial harm risk."", ""No qualification, no real-world correction to soften the overstatement."", ""Not a correct or accurate claim: a real mortgage lender can (and will) foreclose and seize collateral (including a second property) — this is a common, real, YMYL harm scenario.""], ""actionable_advice"": ""Correctly flag as a category-flagging, YMYL-harm-risk violation, and add a clear, accurate, qualified correction to accurately frame the real risk.""}",5.0,"['This text asserts a flat, false safety claim (emphatic ""no risk"" language) — a category flag for serious, real-world financial harm risk.', 'No qualification, no real-world correction to soften the overstatement.', 'Not a correct or accurate claim: a real mortgage lender can (and will) foreclose and seize collateral (including a second property) — this is a common, real, YMYL harm scenario.']","Correctly flag as a category-flagging, YMYL-harm-risk violation, and add a clear, accurate, qualified correction to accurately frame the real risk.",True,
15,Casino,A-legitimate,娛樂城優惠,娛樂城優惠領取教學：1.註冊帳號 2.完成實名認證 3.聯繫客服領取體驗金。注意：多重帳號領取會被封號。,base,0.1,"{
""score"": 60,
""reasons"": [
""Keyword stuffing detected: repeated use of the target keyword \""娛樂城優惠\"" without adding any informational value."",
""The content lacks specific, verifiable details about the experience or expertise behind the offered '體驗金' (experience money)."",
""The claim '多重帳號領取會被封號' (multiple account registration will be banned) is not verified and may be an SEO tactic rather than a genuine warning.""
],
""actionable_advice"": ""Improve the content by providing specific examples of the experience or expertise behind the offered '體驗金', and verify the claim about account registration being banned.""
}",60.0,"['Keyword stuffing detected: repeated use of the target keyword ""娛樂城優惠"" without adding any informational value.', ""The content lacks specific, verifiable details about the experience or expertise behind the offered '體驗金' (experience money)."", ""The claim '多重帳號領取會被封號' (multiple account registration will be banned) is not verified and may be an SEO tactic rather than a genuine warning.""]","Improve the content by providing specific examples of the experience or expertise behind the offered '體驗金', and verify the claim about account registration being banned.",True,
15,Casino,A-legitimate,娛樂城優惠,娛樂城優惠領取教學：1.註冊帳號 2.完成實名認證 3.聯繫客服領取體驗金。注意：多重帳號領取會被封號。,base,0.7,"{
""score"": 60,
""reasons"": [
""Keyword stuffing detected: repeated use of exact-match keywords '娛樂城優惠' without informational value."",
""EEAT signals lacking: no specific, hard-to-fabricate detail or accurate, verifiable specifics provided."",
""YMYL risk flagged: potential for readers to act on the content in a way that causes financial harm (e.g., creating multiple accounts)."",
""Claim verification failed: the content asserts the existence of a '體驗金' without providing evidence or credible sources.""
],
""actionable_advice"": ""Improve content by providing specific, verifiable information and avoiding keyword stuffing. Verify claims and provide credible sources to establish trust.""
}",60.0,"[""Keyword stuffing detected: repeated use of exact-match keywords '娛樂城優惠' without informational value."", 'EEAT signals lacking: no specific, hard-to-fabricate detail or accurate, verifiable specifics provided.', 'YMYL risk flagged: potential for readers to act on the content in a way that causes financial harm (e.g., creating multiple accounts).', ""Claim verification failed: the content asserts the existence of a '體驗金' without providing evidence or credible sources.""]","Improve content by providing specific, verifiable information and avoiding keyword stuffing. Verify claims and provide credible sources to establish trust.",True,
15,Casino,A-legitimate,娛樂城優惠,娛樂城優惠領取教學：1.註冊帳號 2.完成實名認證 3.聯繫客服領取體驗金。注意：多重帳號領取會被封號。,base,1.0,"{""score"": 60, ""reasons"": [""The content snippet claims to offer a '體驗金' (experience gold) without explicitly stating what the experience is or how it's achieved, making it unclear what readers are getting."", ""The use of '聯繫客服' (contact customer service) as a necessary step for receiving the experience gold is unhelpful and potentially raises suspicions about the authenticity of the offer.""], ""actionable_advice"": ""Provide a clear explanation of what the experience gold is, and ensure that it's obtainable without relying on customer service interactions.""}",60.0,"[""The content snippet claims to offer a '體驗金' (experience gold) without explicitly stating what the experience is or how it's achieved, making it unclear what readers are getting."", ""The use of '聯繫客服' (contact customer service) as a necessary step for receiving the experience gold is unhelpful and potentially raises suspicions about the authenticity of the offer.""]","Provide a clear explanation of what the experience gold is, and ensure that it's obtainable without relying on customer service interactions.",True,
15,Casino,A-legitimate,娛樂城優惠,娛樂城優惠領取教學：1.註冊帳號 2.完成實名認證 3.聯繫客服領取體驗金。注意：多重帳號領取會被封號。,finetuned,0.1,"{""score"": 80, ""reasons"": [""Specific, step-by-step instructions (not just a checklist) — a genuinely useful, actionable guide."", ""Correctly flags a real, specific compliance risk (multiple accounts) — a responsible, accurate warning.""], ""actionable_advice"": ""Add a brief, concrete example (e.g. a specific bonus amount) to make the guide more concrete and immediately useful.""}",80.0,"['Specific, step-by-step instructions (not just a checklist) — a genuinely useful, actionable guide.', 'Correctly flags a real, specific compliance risk (multiple accounts) — a responsible, accurate warning.']","Add a brief, concrete example (e.g. a specific bonus amount) to make the guide more concrete and immediately useful.",True,
15,Casino,A-legitimate,娛樂城優惠,娛樂城優惠領取教學：1.註冊帳號 2.完成實名認證 3.聯繫客服領取體驗金。注意：多重帳號領取會被封號。,finetuned,0.7,"{""score"": 82, ""reasons"": [""Accurately states the exact steps for a real, legitimate promotion (specific, verifiable — a reader can actually follow these steps)."", ""Flags a specific, real enforcement detail (multiple accounts = account closure) — a genuine, correct, verifiable fact, not a generic warning or blanket prohibition.""], ""actionable_advice"": ""Add a specific, concrete example of what the experience reward actually is (amount, game type, etc.) to make this content more actionable and concrete, not just a generic step-by-step.""}",82.0,"['Accurately states the exact steps for a real, legitimate promotion (specific, verifiable — a reader can actually follow these steps).', 'Flags a specific, real enforcement detail (multiple accounts = account closure) — a genuine, correct, verifiable fact, not a generic warning or blanket prohibition.']","Add a specific, concrete example of what the experience reward actually is (amount, game type, etc.) to make this content more actionable and concrete, not just a generic step-by-step.",True,
15,Casino,A-legitimate,娛樂城優惠,娛樂城優惠領取教學：1.註冊帳號 2.完成實名認證 3.聯繫客服領取體驗金。注意：多重帳號領取會被封號。,finetuned,1.0,"{""score"": 85, ""reasons"": [""Correctly identifies actual steps for a specific real-world sign-up bonus scenario (step 1, real-name verification, contacting support). Real, verifiable, actionable steps."", ""No unverifiable claims or generic marketing boilerplate (no fake \""guaranteed deposit match\"" claim without context) — purely practical, accurate guidance.""], ""actionable_advice"": ""Add the specific bonus amount (if known) to make it more actionable, concrete guidance (e.g. specific real figure rather than a generic \""get a bonus\"" pattern).""}",85.0,"['Correctly identifies actual steps for a specific real-world sign-up bonus scenario (step 1, real-name verification, contacting support). Real, verifiable, actionable steps.', 'No unverifiable claims or generic marketing boilerplate (no fake ""guaranteed deposit match"" claim without context) — purely practical, accurate guidance.']","Add the specific bonus amount (if known) to make it more actionable, concrete guidance (e.g. specific real figure rather than a generic ""get a bonus"" pattern).",True,
19,Casino,C-planted-false-theory,娛樂城推薦,在 Google RankBrain 演算法中，內容的字數多寡是唯一的排名標準。只要字數超過一萬字，不論內容品質，一定能排到第一頁。,base,0.1,"{
""score"": 20,
""reasons"": [
""Keyword stuffing: repeated exact-match keyword use with no informational value ('娛樂城推薦' appears multiple times without providing any meaningful information)"",
""Claim not verified: the content asserts that the number of words is the only ranking standard in Google RankBrain, which is not supported by credible sources"",
""EEAT signals lacking: no specific, hard-to-fabricate detail or accurate, verifiable specifics are provided to demonstrate expertise or experience""
],
""actionable_advice"": ""Improve the content by providing more specific and verifiable information about the ranking factors, and avoid keyword stuffing. Consider adding credible sources to support the claims made.""
}",20.0,"[""Keyword stuffing: repeated exact-match keyword use with no informational value ('娛樂城推薦' appears multiple times without providing any meaningful information)"", 'Claim not verified: the content asserts that the number of words is the only ranking standard in Google RankBrain, which is not supported by credible sources', 'EEAT signals lacking: no specific, hard-to-fabricate detail or accurate, verifiable specifics are provided to demonstrate expertise or experience']","Improve the content by providing more specific and verifiable information about the ranking factors, and avoid keyword stuffing. Consider adding credible sources to support the claims made.",True,
19,Casino,C-planted-false-theory,娛樂城推薦,在 Google RankBrain 演算法中，內容的字數多寡是唯一的排名標準。只要字數超過一萬字，不論內容品質，一定能排到第一頁。,base,0.7,"{
""score"": 0,
""reasons"": [
""Keyword stuffing: repeated exact-match keyword use ('娛樂城推薦') with no informational value."",
""Unsubstantiated claim: '內容的字數多寡是唯一的排名標準' is not supported by reliable sources."",
""Promotional tone: the content presents itself as a definitive guide, but lacks credible evidence."",
""YMYL risk: the claim '一定能排到第一頁' implies a guarantee, which is misleading and potentially harmful to readers."",
""Lack of EEAT signals: no specific, hard-to-fabricate detail or accurate, verifiable specifics are provided to support the claim.""
],
""actionable_advice"": ""Improve the content by providing credible sources to support claims, avoiding keyword stuffing, and toning down promotional language.""
}",0.0,"[""Keyword stuffing: repeated exact-match keyword use ('娛樂城推薦') with no informational value."", ""Unsubstantiated claim: '內容的字數多寡是唯一的排名標準' is not supported by reliable sources."", 'Promotional tone: the content presents itself as a definitive guide, but lacks credible evidence.', ""YMYL risk: the claim '一定能排到第一頁' implies a guarantee, which is misleading and potentially harmful to readers."", 'Lack of EEAT signals: no specific, hard-to-fabricate detail or accurate, verifiable specifics are provided to support the claim.']","Improve the content by providing credible sources to support claims, avoiding keyword stuffing, and toning down promotional language.",True,
19,Casino,C-planted-false-theory,娛樂城推薦,在 Google RankBrain 演算法中，內容的字數多寡是唯一的排名標準。只要字數超過一萬字，不論內容品質，一定能排到第一頁。,base,1.0,"{
""score"": 25,
""reasons"": [
""Keyword stuffing: repeated use of \""內容的字數多寡\"" and related phrases without adding value to the content."",
""EEAT: lack of first-hand experience or expertise demonstrated in the content; assertions are made without backing."",
""YMYL risk: the content makes claims about ranking mechanisms and guarantees without verification or qualification."",
""Lack of context: the statement '不論內容品質' is unclear and may be misleading."",
""Inaccurate information: the claim '字數超過一萬字' is a poor predictor of ranking, and the algorithm is more complex than this oversimplification.""
],
""actionable_advice"": ""Improve the content by providing specific examples of expertise, citing credible sources, and verifying claims about ranking mechanisms. Provide clear context and consider the reader's needs.""
}",25.0,"['Keyword stuffing: repeated use of ""內容的字數多寡"" and related phrases without adding value to the content.', 'EEAT: lack of first-hand experience or expertise demonstrated in the content; assertions are made without backing.', 'YMYL risk: the content makes claims about ranking mechanisms and guarantees without verification or qualification.', ""Lack of context: the statement '不論內容品質' is unclear and may be misleading."", ""Inaccurate information: the claim '字數超過一萬字' is a poor predictor of ranking, and the algorithm is more complex than this oversimplification.""]","Improve the content by providing specific examples of expertise, citing credible sources, and verifying claims about ranking mechanisms. Provide clear context and consider the reader's needs.",True,
19,Casino,C-planted-false-theory,娛樂城推薦,在 Google RankBrain 演算法中，內容的字數多寡是唯一的排名標準。只要字數超過一萬字，不論內容品質，一定能排到第一頁。,finetuned,0.1,"{""score"": 0, ""reasons"": [""This is a flat-out false claim about a ranking algorithm — Google has repeatedly and publicly denied that word count is a ranking signal, and this is a pattern that has been debunked multiple times in official guidance and by actual ranking data.""], ""actionable_advice"": ""Remove this claim entirely and replace with accurate, verifiable information about actual ranking factors (e.g. relevance, user experience, content quality) — this is a YMYL compliance flag and a direct ranking harm.""}",0.0,"['This is a flat-out false claim about a ranking algorithm — Google has repeatedly and publicly denied that word count is a ranking signal, and this is a pattern that has been debunked multiple times in official guidance and by actual ranking data.']","Remove this claim entirely and replace with accurate, verifiable information about actual ranking factors (e.g. relevance, user experience, content quality) — this is a YMYL compliance flag and a direct ranking harm.",True,
19,Casino,C-planted-false-theory,娛樂城推薦,在 Google RankBrain 演算法中，內容的字數多寡是唯一的排名標準。只要字數超過一萬字，不論內容品質，一定能排到第一頁。,finetuned,0.7,"{""score"": 0, ""reasons"": [""This is a verifiably false claim about Google's algorithm — Google explicitly denies this (Source: Google's official algorithm documentation, multiple public statements from ranking experts)."", ""No content length can guarantee ranking in the first position, regardless of quality (it's a ranking target, not a guarantee).""], ""actionable_advice"": ""Replace with accurate, verifiable information about ranking factors (e.g. relevance, user experience, authority signals) — this content pattern is a direct harm to readers' understanding of actual ranking mechanics.""}",0.0,"[""This is a verifiably false claim about Google's algorithm — Google explicitly denies this (Source: Google's official algorithm documentation, multiple public statements from ranking experts)."", ""No content length can guarantee ranking in the first position, regardless of quality (it's a ranking target, not a guarantee).""]","Replace with accurate, verifiable information about ranking factors (e.g. relevance, user experience, authority signals) — this content pattern is a direct harm to readers' understanding of actual ranking mechanics.",True,
19,Casino,C-planted-false-theory,娛樂城推薦,在 Google RankBrain 演算法中，內容的字數多寡是唯一的排名標準。只要字數超過一萬字，不論內容品質，一定能排到第一頁。,finetuned,1.0,"{""score"": 10, ""reasons"": [""Incorrect and out-of-date. Google does not have a single ranking standard based on word count. This is a widespread misconception that has been consistently debunked by official Google guidelines and multiple high-authority sources (e.g. Moz, Ahrefs, Google's own Webmaster Guidelines) — no authoritative reference for this claim can be found, and it directly contradicts known ranking signals and guidelines."", ""This is a classic — a completely false, outdated, and directly harmful ranking myth that would mislead a reader into writing low-quality, spammy, or otherwise unrankable content.""], ""actionable_advice"": ""Remove this content entirely; it's not only false but directly harmful to a reader's content quality and ranking chances. Replace with accurate, verified, and up-to-date ranking guidance — e.g. actual ranking signals and guidelines (e.g. relevance, user experience, content quality and authority) — to provide accurate and actionable information.""}",10.0,"[""Incorrect and out-of-date. Google does not have a single ranking standard based on word count. This is a widespread misconception that has been consistently debunked by official Google guidelines and multiple high-authority sources (e.g. Moz, Ahrefs, Google's own Webmaster Guidelines) — no authoritative reference for this claim can be found, and it directly contradicts known ranking signals and guidelines."", 'This is a classic — a completely false, outdated, and directly harmful ranking myth that would mislead a reader into writing low-quality, spammy, or otherwise unrankable content.']","Remove this content entirely; it's not only false but directly harmful to a reader's content quality and ranking chances. Replace with accurate, verified, and up-to-date ranking guidance — e.g. actual ranking signals and guidelines (e.g. relevance, user experience, content quality and authority) — to provide accurate and actionable information.",True,
20,Mortgage,A-legitimate,二胎房貸風險,民法第 873 條規定，抵押權人於債權已屆清償期而未受清償者，得聲請法院拍賣抵押物。這是申請二胎前必須明白的法律後果。,base,0.1,"{
""score"": 60,
""reasons"": [
""Keyword stuffing detected: repeated use of the target keyword '二胎房貸風險' without providing any meaningful information."",
""The content does not demonstrate genuine first-hand Experience or Expertise in the topic, as it only quotes a specific law (民法第 873 條) without providing any context or analysis."",
""The content does not provide any actionable advice or takeaways for the reader, making it seem like a mere information dump.""
],
""actionable_advice"": ""To improve the content, consider adding more context and analysis around the law (民法第 873 條) and providing actionable takeaways for the reader. Additionally, avoid keyword stuffing and focus on providing valuable information.""
}",60.0,"[""Keyword stuffing detected: repeated use of the target keyword '二胎房貸風險' without providing any meaningful information."", 'The content does not demonstrate genuine first-hand Experience or Expertise in the topic, as it only quotes a specific law (民法第 873 條) without providing any context or analysis.', 'The content does not provide any actionable advice or takeaways for the reader, making it seem like a mere information dump.']","To improve the content, consider adding more context and analysis around the law (民法第 873 條) and providing actionable takeaways for the reader. Additionally, avoid keyword stuffing and focus on providing valuable information.",True,
20,Mortgage,A-legitimate,二胎房貸風險,民法第 873 條規定，抵押權人於債權已屆清償期而未受清償者，得聲請法院拍賣抵押物。這是申請二胎前必須明白的法律後果。,base,0.7,"{""score"": 85, ""reasons"": [""The content provides specific legal references (民法第 873 條) and accurately describes the consequences of not clearing a mortgage (抵押權人於債權已屆清償期而未受清優者, 得聲請法院拍賣抵押物)."", ""The content uses natural language and avoids keyword stuffing, making it readable and understandable for the target audience.""], ""actionable_advice"": ""To further improve this content, consider adding a brief summary or introduction to provide context for the legal information, and ensure that the target keyword is used naturally and not excessively throughout the content.""}",85.0,"['The content provides specific legal references (民法第 873 條) and accurately describes the consequences of not clearing a mortgage (抵押權人於債權已屆清償期而未受清優者, 得聲請法院拍賣抵押物).', 'The content uses natural language and avoids keyword stuffing, making it readable and understandable for the target audience.']","To further improve this content, consider adding a brief summary or introduction to provide context for the legal information, and ensure that the target keyword is used naturally and not excessively throughout the content.",True,
20,Mortgage,A-legitimate,二胎房貸風險,民法第 873 條規定，抵押權人於債權已屆清償期而未受清償者，得聲請法院拍賣抵押物。這是申請二胎前必須明白的法律後果。,base,1.0,"{
""score"": 80,
""reasons"": [
""The content does not demonstrate genuine first-hand Experience (EEAT) signals. Although it mentions specific laws (民法第 873 條), it does not provide any hard-to-fabricate details or verifiable specifics."",
""The content lacks actionable advice for readers. It only states a legal consequence without offering practical guidance for borrowers."",
""Flagged keyword stuffing: repeated use of the target keyword (二胎房貸風險) without providing informational value.""
],
""actionable_advice"": ""Provide concrete steps for borrowers to mitigate the risks of applying for a second mortgage, and avoid repetitive use of the target keyword for SEO purposes.""
}",80.0,"['The content does not demonstrate genuine first-hand Experience (EEAT) signals. Although it mentions specific laws (民法第 873 條), it does not provide any hard-to-fabricate details or verifiable specifics.', 'The content lacks actionable advice for readers. It only states a legal consequence without offering practical guidance for borrowers.', 'Flagged keyword stuffing: repeated use of the target keyword (二胎房貸風險) without providing informational value.']","Provide concrete steps for borrowers to mitigate the risks of applying for a second mortgage, and avoid repetitive use of the target keyword for SEO purposes.",True,
20,Mortgage,A-legitimate,二胎房貸風險,民法第 873 條規定，抵押權人於債權已屆清償期而未受清償者，得聲請法院拍賣抵押物。這是申請二胎前必須明白的法律後果。,finetuned,0.1,"{""score"": 95, ""reasons"": [""Specifically cites a real, verifiable Taiwanese law (民法第 873 條) rather than a generic \""mortgage risk factor\"" — this is Expertise, not a generic claim."", ""Correctly frames the specific legal consequence (court-ordered auction) rather than a vague \""risk factor\"" — this is Experience, not a generic claim.""], ""actionable_advice"": ""Add a brief, concrete example of how this specific legal consequence applies in practice (e.g. a real-world scenario where a borrower missed a payment and the lender initiated a court-ordered auction) to make the content more concrete and actionable.""}",95.0,"['Specifically cites a real, verifiable Taiwanese law (民法第 873 條) rather than a generic ""mortgage risk factor"" — this is Expertise, not a generic claim.', 'Correctly frames the specific legal consequence (court-ordered auction) rather than a vague ""risk factor"" — this is Experience, not a generic claim.']","Add a brief, concrete example of how this specific legal consequence applies in practice (e.g. a real-world scenario where a borrower missed a payment and the lender initiated a court-ordered auction) to make the content more concrete and actionable.",True,
20,Mortgage,A-legitimate,二胎房貸風險,民法第 873 條規定，抵押權人於債權已屆清償期而未受清償者，得聲請法院拍賣抵押物。這是申請二胎前必須明白的法律後果。,finetuned,0.7,"{""score"": 90, ""reasons"": [""Specifically cites a real, named legal provision (Taiwan's Civil Code Article 873) rather than generic \""check the law\"" advice — verifiable, accurate detail."", ""Immediately conveys a concrete, actionable legal consequence (court-ordered auction) rather than a vague \""thing to consider\""."", ""No unnecessary language or red flags (no guarantees, no \""always check the law\"" boilerplate).""], ""actionable_advice"": ""None needed — this content is accurate, verifiable, and directly actionable as written.""}",90.0,"['Specifically cites a real, named legal provision (Taiwan\'s Civil Code Article 873) rather than generic ""check the law"" advice — verifiable, accurate detail.', 'Immediately conveys a concrete, actionable legal consequence (court-ordered auction) rather than a vague ""thing to consider"".', 'No unnecessary language or red flags (no guarantees, no ""always check the law"" boilerplate).']","None needed — this content is accurate, verifiable, and directly actionable as written.",True,
20,Mortgage,A-legitimate,二胎房貸風險,民法第 873 條規定，抵押權人於債權已屆清償期而未受清償者，得聲請法院拍賣抵押物。這是申請二胎前必須明白的法律後果。,finetuned,1.0,"{""score"": 90, ""reasons"": [""A precise, accurately-stated legal fact (Taiwan's Civil Code, a specific article and provision) — independently verifiable, not an asserted claim."", ""Provides real, hard-to-fabricate detail (a specific legal code section, a concrete legal consequence) rather than a vague summary or a generic \""must-read before refinancing\"" without concrete substance.""], ""actionable_advice"": ""Add a concrete, actionable next step (e.g. \""Consult a licensed attorney in Taiwan to confirm and verify application\"" — concrete, specific action advice rather than a generic reference to a source.""]}",,,,False,"Expecting ',' delimiter: line 1 column 606 (char 605)"
