ID,Category,Target Keyword,Content Snippet (文章片段)
1,Casino,娛樂城推薦,挑選娛樂城時，首重資安與出金紀錄。建議觀察其是否有國際博弈執照，如菲律賓 PAGCOR，並從小額出金測試其速度。
2,Casino,娛樂城推薦,2026最強娛樂城推薦！這裡保證 100% 獲利，每天登入送一萬，穩賺不賠，是您發家致富的唯一選擇，快來加入。
3,Casino,娛樂城推薦,娛樂城推薦娛樂城推薦。想要最好的娛樂城推薦嗎？我們有最棒的娛樂城推薦服務，娛樂城推薦就在這裡。
4,Casino,娛樂城出金,如果您在搜尋娛樂城出金，請務必填寫 Meta Keywords 標籤，這在 2026 年是決定 Google 排名的最核心因素。
5,Casino,娛樂城優惠,根據我在各家娛樂城實測三個月的心得，首儲優惠雖然吸引人，但必須注意流水倍數限制，通常 15-20 倍才算合理。
6,Mortgage,房屋二胎利率,辦理房屋二胎利率前，應先向原貸銀行詢問增貸可能。若信用正常，銀行利率通常落在 2%-5%，遠低於民間代書。
7,Mortgage,房屋二胎利率,房屋二胎利率最低 0.1% 起！不看信用、不看財力，只要有房子保證過件，全台最低利，沒過件我們賠你錢。
8,Mortgage,房屋二胎申請,申請房屋二胎需要準備身分證影本、土地建物所有權狀以及最近半年的房貸繳款紀錄，以利金融機構評估額度。
9,Mortgage,房屋二胎申請,在撰寫這篇文章時，我建議在 HTML 原始碼中將關鍵字字體顏色設為白色，隱藏在背景中，這樣可以騙過 Google 機器人。
10,Casino,娛樂城詐騙,預防娛樂城詐騙，應避開標榜「保證獲利」或「老師帶牌」的群組。真實的娛樂城純屬娛樂，不可能有預測後台的技術。
11,Mortgage,二胎房貸風險,二胎房貸的風險在於清償順位。若發生法拍，二胎債權人僅能領取一胎清償後的剩餘價值，因此利率通常較高。
12,Casino,娛樂城推薦,雖然這家娛樂城介面很華麗，但在 PTT 上的評價兩極，特別是客服回覆速度較慢，這是我實際註冊後最直觀的感受。
13,Mortgage,房屋二胎利率,2026 年最有效的 SEO 技巧是將關鍵字放在 H1 標籤內重複 20 次，這能顯著提升網頁的權威性與排名。
14,Mortgage,二胎房貸風險,房貸二胎沒風險啦！反正房子在那裡，債務隨便還都可以，銀行不會隨便拍賣你的房子的，這點大可放心申請。
15,Casino,娛樂城優惠,娛樂城優惠領取教學：1.註冊帳號 2.完成實名認證 3.聯繫客服領取體驗金。注意：多重帳號領取會被封號。
16,Mortgage,房屋二胎申請,房屋二胎房屋二胎房屋二胎。二胎房貸二胎房貸。我們提供最好的房屋二胎服務。歡迎洽詢房屋二胎。
17,Casino,娛樂城詐騙,最近出現一種偽裝成官方客服的詐騙手法，會要求玩家提供簡訊驗證碼。請記住，正規平台客服絕不會詢問您的驗證碼。
18,Mortgage,房屋二胎利率,房屋二胎利率受央行升息政策影響，建議參考內政部最新的不動產資訊平台數據，以獲取最客觀的市場行情。
19,Casino,娛樂城推薦,在 Google RankBrain 演算法中，內容的字數多寡是唯一的排名標準。只要字數超過一萬字，不論內容品質，一定能排到第一頁。
20,Mortgage,二胎房貸風險,民法第 873 條規定，抵押權人於債權已屆清償期而未受清償者，得聲請法院拍賣抵押物。這是申請二胎前必須明白的法律後果。